{
  "IcoMoonType": "selection",
  "icons": [
    {
      "icon": {
        "paths": [
          "M953.937 1024h-829.979c-70.063 0-123.958-53.895-123.958-123.958v-776.084c0-70.063 53.895-123.958 123.958-123.958h824.589c75.453 0 129.347 53.895 129.347 123.958v770.695c0 75.453-53.895 129.347-123.958 129.347z",
          "M161.684 161.684h754.526v700.632h-754.526v-700.632z",
          "M873.095 199.411v630.568h-668.295v-630.568h668.295zM873.095 107.789h-668.295c-53.895 0-97.011 43.116-97.011 91.621v630.568c0 43.116 43.116 86.232 97.011 86.232h668.295c53.895 0 97.011-43.116 97.011-91.621v-625.179c0-48.505-43.116-91.621-97.011-91.621z"
        ],
        "attrs": [
          {
            "fill": "rgb(0, 102, 204)"
          },
          {
            "fill": "rgb(255, 255, 255)"
          },
          {
            "fill": "rgb(33, 33, 33)"
          }
        ],
        "width": 1078,
        "isMulticolor": true,
        "isMulticolor2": false,
        "grid": 0,
        "tags": [
          "check-focus"
        ],
        "colorPermutations": {
          "102204125525525513333331": [
            {
              "f": 1
            },
            {
              "f": 2
            },
            {
              "f": 0
            }
          ]
        }
      },
      "attrs": [
        {
          "fill": "rgb(0, 102, 204)"
        },
        {
          "fill": "rgb(255, 255, 255)"
        },
        {
          "fill": "rgb(33, 33, 33)"
        }
      ],
      "properties": {
        "order": 30,
        "id": 0,
        "name": "check-focus",
        "prevSize": 32
      },
      "setIdx": 0,
      "setId": 6,
      "iconIdx": 0
    }
  ],
  "height": 1024,
  "preferences": {
    "showGlyphs": true,
    "showQuickUse": true,
    "showQuickUse2": true,
    "showSVGs": true,
    "fontPref": {
      "prefix": "icon-",
      "metadata": {
        "fontFamily": "icomoon"
      },
      "metrics": {
        "emSize": 1024,
        "baseline": 6.25,
        "whitespace": 50
      },
      "embed": false
    },
    "imagePref": {
      "prefix": "",
      "png": false,
      "useClassSelector": true,
      "color": 0,
      "bgColor": 16777215,
      "classSelector": ".icon",
      "name": "cons",
      "height": 32,
      "columns": 16,
      "margin": 16
    },
    "historySize": 50,
    "showCodes": true,
    "gridSize": 16
  }
}